Date,EUR,US,CAN,CHI,HK,JAP,KOR
2009-01-01,243.4127916852,52.369999,7315.496080872428,298.3295972852741,1926.3385666538666,81.81711282962205,1.027506999938992
2009-01-08,223.227732213,48.66,6968.300611560806,299.08271295624564,1761.4538774894559,74.72580149726856,0.9894493357087817
2009-01-15,213.5634526296,48.490002,7024.041239375926,307.788637798537,1617.374232538307,69.9721369132655,0.923298032165704
2009-01-22,224.9059761018,50.419998,7142.981155632318,308.6633072941964,1616.7276913076882,71.78439243411324,0.9687848527587228
2009-01-29,225.3110556852,48.040001,6972.069494460952,326.81913070309736,1679.1020309603884,71.18798077822035,1.0000659463890476
2009-02-05,223.52866778700002,48.25,7008.000770939921,350.5537145253737,1740.1949615055582,70.36442913323184,0.9957239574821999
2009-02-12,212.2092969444,45.650002,6557.343496639179,342.6523698356733,1672.9467734233583,66.72043448900841,0.9313127788998359
2009-02-19,199.4315916852,44.330002,6361.8902323518805,342.14253237567647,1671.5432356025276,66.07204496435348,0.892736416786104
2009-02-26,194.00338221299998,41.34,6267.652480290347,340.8296668736402,1584.9230377398305,64.56432332717215,0.8861941229942967
2009-03-05,192.40618178699998,41.84,6425.009632042131,331.6686433705053,1533.4480188069163,65.31845006439022,0.9432931811324027
2009-03-12,197.637618213,46.080002,6920.739995465734,344.80191688885907,1685.9501457787205,70.59670595044224,0.9787991248472275
2009-03-19,206.9662761018,46.950001,7055.721164537037,355.3193395714056,1750.8501506296352,75.09365491072381,1.0282181036611897
2009-03-26,207.47551821300002,46.82,7171.532876659276,373.37749584239856,1737.6667859874735,73.95945535236726,1.0318489888458398
2009-04-02,212.9847526296,47.810001,7193.5885207587835,363.9761280979047,1860.4541273534187,76.11219818797552,1.0558682083664515
2009-04-09,220.5078526296,49.41,7415.588446716513,393.2306826964257,2014.0166268826752,77.42235546183167,1.1152847102118646
2009-04-16,222.660617787,49.23,7442.135891963827,381.6464550476662,1912.3275389724486,77.28367860984699,1.1344683656910721
2009-04-23,228.3318708426,50.889999,7552.092990303513,382.7079603548845,1922.4171457420962,75.21567601514461,1.1197439400082403
2009-04-30,240.7623526296,53.529999,8135.244690280229,401.9857819982852,2163.747701836356,79.49814975834583,1.1657828536950912
2009-05-07,232.3133291574,51.330002,7787.246413969926,413.03291613340656,2192.673232772535,82.71372147537568,1.1834104155237344
2009-05-14,245.07945,52.669998,8206.624774820455,411.11765667919724,2246.1700891121054,82.75046617134814,1.2011298896853473
2009-05-21,243.52853862959998,52.200001,8134.282104977478,408.2515812787096,2298.794096012105,83.58402337551186,1.1394880631098065
2009-05-28,242.98455831479998,54.610001,8252.900899076018,430.83691081284496,2387.6341982312074,86.26632569030451,1.1837199593481418
2009-06-04,246.2600026296,55.09,8499.844224239485,436.67600327126087,2414.521323341115,88.47858299029535,1.183711584819615
2009-06-11,236.83876778700002,53.330002,8073.247652592752,435.7264367662237,2324.413995430999,87.1446008986733,1.163875446481282
2009-06-18,238.80634431480001,52.709999,8101.158694853716,453.1200024024435,2299.6784931030215,84.92606526600001,1.140968889744042
2009-06-25,242.4290121018,54.110001,8320.913112426997,466.43168862531485,2362.2186414974735,88.02199403895334,1.181017704800098
2009-07-02,229.1999208426,51.139999,7742.333102349109,477.6924792283907,2277.6895668209754,83.4244533282326,1.1972145834252543
2009-07-09,241.98919431480002,54.27,8193.070265400873,494.40396499852636,2346.786001460805,82.0828611323642,1.1887145331812958
2009-07-16,249.5933030556,55.639999,8367.029459180514,511.15993106291194,2473.9677139915825,86.10241441893191,1.2499381545424055
2009-07-23,255.056232213,57.029999,8385.395325554016,506.479859559911,2588.016268920255,89.55672721370773,1.2752708163769761
2009-07-30,262.579332213,58.689999,8859.872851876793,531.6096445501045,2634.1931898387993,90.79019539380414,1.3046778980038019
2009-08-06,264.63950305559996,58.970001,8549.48978764008,482.6457536648089,2626.5418879534036,92.40603672532518,1.3095972056572431
2009-08-13,262.09322652779997,58.41,8571.063747700782,431.9215078347355,2564.7176920144148,90.36044070390207,1.2933752042831224
2009-08-20,273.6672265278,60.27,8751.840139763703,460.1434032789507,2629.2513109824877,94.2188240922831,1.3503989954048994
2009-08-27,266.8848613704,58.189999,8582.693087316888,420.9730249779487,2509.1631000899515,91.03752378623874,1.349595876445935
2009-09-03,277.8801613704,60.720001,8822.418200882128,456.8351380947162,2679.9845208182433,91.31805989743842,1.345086503218811
2009-09-10,283.3546761018,63.02,9267.861539364285,465.12302514085525,2750.9177800667194,90.9517112102479,1.4083011725019696
2009-09-17,283.262081787,62.25,9237.304760584851,440.78093672067405,2775.672612153317,91.83521837137414,1.4318435659450783
2009-09-24,280.6347791574,61.990002,9139.056891414317,430.96667934931145,2693.3787549001104,89.73374862142771,1.3997761024128434
2009-10-01,278.1232234722,61.990002,9102.88594868228,,2730.18202150447,86.77931589484776,1.3369127458563137
2009-10-08,285.8546473704,64.089996,9249.575562543829,460.59880445404855,2813.069828073671,89.08712325066107,1.3796554409318866
2009-10-15,288.4125083148,63.299999,9176.75199223893,476.11326256248316,2868.5471010921833,91.50623702062128,1.3836461162754892
2009-10-22,274.69731137040003,60.75,8666.103523184118,470.0257626406409,2797.0163780027765,89.21853591665648,1.3467094893571774
2009-10-29,276.769067787,61.02,8879.361863829949,485.09844729068635,2778.146815087275,87.17524021666412,1.3217951356408346
2009-11-05,284.9518765278,64.150002,9174.987384316402,492.33255174870044,2908.275931952737,87.41761339626014,1.3342522610471075
2009-11-12,288.9449030556,64.790001,9345.738483606818,512.1862307504689,2935.668139821342,85.69187524335885,1.3419073205260836
2009-11-19,286.9889121018,64.68,9333.066670738963,510.15982746618613,2906.2952641261318,83.60943939246519,1.3485249834014008
2009-11-26,285.6116026296,64.730003,9447.595458175454,506.9945046862172,2864.8789748099593,85.09095373895946,1.3315835046131714
2009-12-03,279.41950568519997,64.120003,9126.385077744439,502.3144708618241,2794.468872854601,88.5957353636557,1.3671731919400332
2009-12-10,289.7319443148,65.129997,9333.146559489987,504.7402872358662,2777.7574594755747,90.12497715802908,1.3923301969929813
2009-12-17,291.5490530556,65.669998,9350.55062413762,476.6075793821338,2741.3834630958263,91.90154734483704,1.3899123643569968
2009-12-24,293.0073886296,65.940002,9397.70944494491,505.8857179981244,2762.960942797077,93.39288564408571,1.4078327209529935
2009-12-31,298.5628935834,66.68,9579.768761693576,504.5855718947537,2881.215090419972,95.03122001295333,1.4266983551754697
2010-01-07,297.4054935834,67.160004,9506.864519060771,491.9396497704571,2795.347998029584,95.06292301430912,1.3983287722194835
2010-01-14,296.64160611119996,66.75,9367.071993837571,488.7132660930818,2735.911899934791,95.08496637474676,1.4342781476381168
2010-01-21,286.2365916852,64.400002,9098.233585653525,463.09132219757777,2574.850978941043,90.78620873968784,1.3599029433017933
2010-01-28,288.65555305559997,64.349998,9135.447786016215,465.76263113731846,2663.4094195690345,92.13444248108034,1.3511519709331155
2010-02-04,278.82923862959996,62.689999,9051.876789070058,462.45451744279507,2560.6034760688294,88.23505965441164,1.3135878810008457
2010-02-11,286.67640831479997,64.769997,9331.943524357286,467.97963669843523,2639.236738127953,91.27104156294722,1.3615344068724835
2010-02-18,286.1324291574,65.050003,9240.753304904027,468.6066746308879,2630.71911368606,90.31465900747668,1.3493197278318383
2010-02-25,292.3592469444,66.120003,9506.303729847827,480.2091864830663,2683.294168898733,90.79559164954247,1.3573595973149346
2010-03-04,298.88696442599996,67.800003,9593.082036904303,472.7544226079524,2725.901871371831,93.54767343322725,1.3906569645200695
2010-03-11,302.4749113704,69.040001,9705.044976573348,472.9950698287337,2748.5490118526136,96.05428611186382,1.4079079871327063
2010-03-18,303.4587083148,68.900002,9594.60619499688,473.9764349079631,2700.238291795956,95.7713545368799,1.4063602680106688
2010-03-25,305.05592610179997,68.809998,9654.517500999931,482.0853791131236,2729.8940840494174,98.2057923005509,1.4162657758053534
2010-04-01,310.889196639,69.870003,9713.2257726723,488.15069594844863,2818.5052421658656,100.00246007863198,1.4445015737857354
2010-04-08,313.00725831479997,71.610001,9788.214962610627,490.93568481418464,2843.2678564882676,99.22380805312471,1.4518052167976696
2010-04-15,310.4494147314,71.43,9732.233100586654,470.3279627515138,2764.8002777255942,98.20676085927316,1.4620537656942527
2010-04-22,298.88696442599996,70.709999,9685.956976331092,449.71372957732706,2692.6269045234703,96.74332051368478,1.4506172869979688
2010-04-29,289.9865734722,69.019997,9524.10802262948,443.0183842444938,2612.699054016836,97.91763743338485,1.4379341564083472
2010-05-06,296.9888469444,69.599998,9781.47765227635,411.78440491819833,2597.9118254318873,92.04323364935121,1.391317923974903
2010-05-13,282.0699621018,66.059998,9356.244677643268,401.2549821417662,2516.4868010550476,90.20848076086918,1.3637513579107001
2010-05-20,275.160281787,63.360001,9258.478492511536,407.14495234990085,2467.320050869038,84.32690791548892,1.3236272758383147
2010-05-27,284.0259530556,65.269997,9448.397481597254,398.71457736862976,2502.7109933402267,85.04047625731907,1.3640191319962702
2010-06-03,283.1000469444,62.549999,9183.649080075254,400.6445626461336,2521.9184496031717,83.58721443446213,1.3780909727527957
2010-06-10,294.5235791574,66.269997,9561.001100032292,398.4847567779325,2578.5886420219435,89.1485834930635,1.4267067297039964
2010-06-17,294.4888583148,64.769997,9469.891552906936,398.4740814825036,2680.7004731451766,87.87827548349655,1.443848988022813
2010-06-24,281.6185761018,61.080002,9058.373648772364,371.8816748051819,2587.1795685495235,83.08697114456925,1.4208170208384956
2010-07-01,284.78984168520003,62.380001,9140.90138888989,375.4087066379347,2552.229694973426,82.17496069275745,1.4018760166958935
2010-07-08,296.28283178699996,64.540001,9319.672722398307,383.05653337353306,2642.6814431140606,86.74071191148892,1.470779718217763
2010-07-15,288.470381787,62.950001,9233.936105818724,393.1280565575531,2633.2241940299837,82.16769649791279,1.4630577662509847
2010-07-22,297.6948435834,65.209999,9380.946841838126,408.36526120470495,2710.8498007630515,86.36904479861822,1.4837137726053358
2010-07-29,303.4355730462,66.489998,9500.04731997547,409.11866078321094,2769.806672612311,84.03184342345524,1.4969239756070056
2010-08-05,294.7666238982,64.139999,9289.195832369896,404.30806345024376,2736.9875858161895,82.29184496906352,1.470930251413805
2010-08-12,298.1462469444,64.510002,9448.717820980251,413.42596944630515,2702.052021101911,81.82862311506197,1.4741094341065322
2010-08-19,286.5027878982,62.23,9342.048705880812,402.615318348052,2652.214504860754,78.32941070080491,1.4513535134691309
2010-08-26,298.8291083148,63.810001,9627.328594211765,406.6936015476126,2650.7813448541574,79.05227547956696,1.4763682569507675
2010-09-02,303.6207269538,64.93,9658.206495951079,417.921041465945,2710.5515708808543,79.91638551994339,1.4885243159649564
2010-09-09,307.3360064166,66.57,9740.413896685608,411.28649203981564,2792.3970792984933,84.272884822632,1.525887625530023
2010-09-16,302.3013083148,67.129997,9742.418955240108,401.83538217574085,2833.792783888905,84.71353580922877,1.5332080175990113
2010-09-23,302.1045352686,67.650002,9931.295471074078,404.8012824734205,2876.330949563327,84.65207556682631,1.5615023335386682
2010-09-30,303.82908557400003,68.519997,10026.656368715265,411.7756982137345,2940.8196331502186,85.82142862196788,1.5928754424057594
2010-10-07,308.15775,69.75,10164.283275107062,443.671201787364,3015.0173542073985,83.27178426295639,1.5696175721052745
2010-10-14,308.018867787,69.669998,10145.516397022659,465.78061251637104,3027.7174760408225,83.07776118941547,1.5648404239559646
2010-10-21,306.62997389820003,70.029999,10079.26879239623,464.71028700369754,2977.343999631001,83.1258518589916,1.597552200789776
2010-10-28,308.458685574,71.010002,10162.51866638251,469.9728784662933,3103.314969374763,81.11523637965264,1.6196639110293978
2010-11-04,314.2109647314,72.410004,10380.26802540129,483.05463059747603,3149.0638752928962,87.05312398760061,1.6463352408306888
2010-11-11,309.3845916852,70.110001,10151.851912069156,440.1817983242591,2983.7551876912794,86.88611679077583,1.5871530157933542
2010-11-18,308.2040564166,71.529999,10347.706188067354,443.45023939084183,2959.2571645021044,88.82057935275287,1.611306122356751
2010-11-25,309.153096639,72.0,10545.325072790103,437.79270184676597,2988.2974185087455,88.44811663586077,1.6141003921415613
2010-12-02,318.2618647314,73.400002,10548.212043517427,441.68413031793574,2968.08205590061,90.61131470755319,1.6361870816993993
2010-12-09,320.0558208426,73.849998,10610.047735747072,451.43221645627244,2953.0222031845556,91.29716670214385,1.6878565079924537
2010-12-16,325.7502438888,75.029999,10731.63495647772,446.23564473699156,2961.998719908295,91.62216139878042,1.705115905133617
2010-12-23,324.801167787,75.129997,10786.57356087104,426.640783658432,2952.2447471853548,91.60497812653864,1.70961690466883
2010-12-30,324.62756473139996,75.970001,10743.905758436698,440.238240723675,3053.5931804091333,91.92580455378271,1.7422951842251504
2011-01-06,330.7733564166,76.639999,10795.395818510842,437.46025511719625,3100.8651168391657,93.09498465422342,1.7526691435688107
2011-01-13,327.22012915740004,76.309998,10778.39276557411,427.659474282943,3138.6541986910906,93.48727687418976,1.7700205559467412
2011-01-20,326.9307791574,77.150002,10799.88683688379,420.01785583449436,3064.5722047809086,92.11292664532058,1.7656450697624022
2011-01-27,329.3844613704,77.629997,10971.920860859953,433.9955333129789,3073.019288347589,92.6040464529824,1.7334939646853111
2011-02-03,332.5788969444,78.720001,11055.331296727183,430.135411113204,2977.273207736655,94.0250691069411,1.7113654041580708
2011-02-10,336.4793291574,79.839996,11275.807848169217,453.36761504881844,2976.3659664907104,95.71166710894109,1.6641217095472844
2011-02-17,326.826617787,77.940002,11193.199435723789,443.86873165612775,2944.224423651945,93.68209554289672,1.6411315121018049
2011-02-24,327.266435574,78.199997,11343.819277943316,451.80342703057175,2962.444809443126,92.91415819880795,1.6131968834173032
2011-03-03,325.42617304619995,78.919998,11135.854761065068,465.5019962679117,3060.31389472676,93.77419510328998,1.6744622745172504
2011-03-10,303.4471238982,75.32,10847.206218770008,454.4387355335994,2917.744728559629,80.52847140038102,1.6380694682314245
2011-03-17,316.097496639,77.690002,11298.264503979626,457.1790550918225,2933.749226814668,83.67877782731293,1.6834225038488393
2011-03-24,322.3937561112,79.349998,11295.37674967542,458.3100250214887,3014.2127864708327,85.97516137060903,1.7496823667147596
2011-03-31,325.88912610179995,80.040001,11390.898209197561,465.37889017761637,3121.3581243466783,84.87337393585159,1.7792400836048081
2011-04-07,322.04654999999997,78.580002,11094.870894225349,472.98235043006804,3102.0758596261817,85.3764450718531,1.7752326592041519
2011-04-14,322.9840416852,79.639999,11146.120504469545,466.25914339486087,3071.366221441282,85.07217926753022,1.815381864025502
2011-04-21,326.52568221300004,81.220001,11142.190276111565,453.60205398245,3070.947243772346,85.82506071496252,1.8461610079927426
2011-04-28,322.3590352686,80.43,10916.581244755733,444.39314344970785,2996.708352878056,88.5911347030834,1.8243587403469637
2011-05-05,328.38911473139996,80.419998,10762.913869927932,447.09155695337864,2993.6956794555635,87.35190706326243,1.812637738508056
2011-05-12,321.95397304619996,80.260002,10913.373151068532,445.44037709265314,2957.622423277882,85.5615262607284,1.7868282497593662
2011-05-19,321.028032213,79.099998,11029.025084886702,425.1233850283747,2923.708320841742,83.44331428143994,1.7032418931301188
2011-05-26,322.197017787,78.900002,10849.692961363315,425.40730093582874,3036.7055404159073,86.07097950577506,1.791479885394418
2011-06-02,311.35218557400003,76.660004,10573.71623193611,426.44866710471035,2912.6999251748052,83.67869134553482,1.7429645182085107
2011-06-09,310.1253438888,75.830002,10403.847827593376,419.49329255120296,2871.8452015213275,84.78437896148586,1.7456249001139195
2011-06-16,310.2642261018,77.220001,10474.906789173723,410.7931216819838,2809.6625272520737,85.27239419197552,1.7266921684326637
2011-06-23,312.2665061112,78.550003,10577.807021373015,423.0676437535502,2835.523922630035,86.75859566310942,1.7522257127016183
2011-06-30,318.0419564166,80.25,10749.599811140324,435.78163003451044,2894.1813095014277,89.28433737429687,1.8164527570700362
2011-07-07,312.4285583148,78.989998,10686.882206737855,433.4553357332941,2818.262491111129,88.22752738022342,1.7816913122877196
2011-07-14,309.87071473139997,79.360001,10699.633909158754,433.25826017860777,2828.1347014294665,88.60619060859526,1.8028661177561567
2011-07-21,309.08365611119996,77.82,10452.53080569122,422.2937643786774,2897.283853557752,88.97183017354249,1.819063098448494
2011-07-28,291.6069265278,75.190002,10278.73217379253,415.3151844544504,2826.7248877446946,85.34066892574752,1.7286666731052527
2011-08-04,258.6789,66.5,9783.803833790727,395.2650355467285,2542.7955410635104,80.04160632617905,1.5111297025697
2011-08-11,275.5190734722,70.900002,10089.133523287783,403.34112121488664,2607.7493929247194,80.20560407932976,1.5834384890638484
2011-08-18,265.9589378982,69.779999,9900.016557623867,394.0114138408445,2502.066837112706,76.50715395106964,1.4680774636697194
2011-08-25,274.8014738982,72.459999,10240.796622335944,398.0814824836825,2639.3446831676756,79.30182636337413,1.5729305397736062
2011-09-01,264.85941137040004,71.309998,10202.218825761625,390.1348625276244,2576.7698919477175,77.60344999659067,1.533902372264155
2011-09-08,259.45435568519997,70.739998,9859.595047150855,385.2873182961256,2447.9107622408023,75.43529671205968,1.4633756846039192
2011-09-15,260.7969443148,69.089996,9588.19000762248,389.64997187227374,2419.470984433231,77.40641747937568,1.5513207791970682
2011-09-22,263.1811848426,67.830002,9292.16347622715,370.9035652817105,2314.962018134327,76.29497905542006,1.4415650424296134
2011-09-29,259.4312030556,67.400002,9188.94290464486,365.81105831086217,2088.6475091538387,74.23459521668403,1.3942377071105874
2011-10-06,276.8037886296,71.190002,9648.3417642575,375.23551792508437,2355.886027567347,77.38640636988065,1.513857079866708
2011-10-13,273.9681621018,71.330002,9503.57653662255,368.6474928964417,2353.2845497065155,77.68429870802296,1.552692842374099
2011-10-20,278.7019234722,73.510002,9773.537306809369,376.395333697551,2450.6226955897573,77.47114661078655,1.5848105522408793
2011-10-27,274.5584291574,73.379997,9818.210168600235,388.27695394593,2536.3743117237505,76.51432301241621,1.58790599132157
2011-11-03,273.53991137040003,72.769997,9749.557276483265,391.5038297710465,2572.455098989573,77.53287493253254,1.5958705937883377
2011-11-10,274.3500878982,73.370003,9764.15425995662,382.51679010792554,2437.0449546961545,74.94461793844224,1.5528182528211762
2011-11-17,254.98679168520002,68.809998,9280.774586440994,371.3690361035046,2296.115550521516,73.63030104691356,1.4917703911454863
2011-11-24,277.8685943148,73.919998,9787.973728401776,361.80984895185145,2312.1715107837513,74.69179817448202,1.5456568713805539
2011-12-01,279.4426583148,74.830002,9743.542100819763,361.70377777879,2472.992191171162,77.23825147454323,1.6058179733890403
2011-12-08,269.02605831479997,71.779999,9257.836246591782,345.54615529376775,2359.0952615677247,75.44025192489823,1.5542238132756987
2011-12-15,274.6394378982,73.790001,9426.58228812972,339.7506345014469,2367.066633285278,74.91646055715839,1.5464098460721538
2011-12-22,278.0074765278,73.760002,9406.45181383369,336.47352440900806,2380.2050625462584,74.59447531305128,1.526925021297066
2011-12-29,288.910182213,75.279999,9805.939366641256,336.37691738896626,2407.0216467809532,75.80315012551492,1.5613099285366083
2012-01-05,289.2689738982,76.43,9833.529285942346,352.91457080879906,2461.5992096416617,74.80930510010866,1.544017136185134
2012-01-12,293.3777473704,77.410004,9886.943732243088,351.41644067764315,2530.360261382448,75.71875579401072,1.5832042122557701
2012-01-19,295.0791265278,78.599998,10056.732247032774,359.593146215101,2584.786199046452,78.6685792171538,1.6332672985637147
2012-01-26,300.35688557400005,78.75,10039.48874346407,351.679422629709,2613.448394073604,78.01416213571997,1.6391319867474319
2012-02-02,304.407785574,80.389999,10042.135264361443,363.99861416384437,2701.503258186232,79.83660050073146,1.6763530347411868
2012-02-09,305.73878862960004,79.949997,9914.613540295199,366.97132839740635,2746.0735538229856,82.00395819009641,1.6944155508413146
2012-02-16,306.2364613704,80.82,10186.73993091747,372.690570476341,2769.7293538348904,84.60443458301454,1.6972015481647786
2012-02-23,305.92397610179995,81.190002,10140.78414524288,376.55148764822354,2786.541181165499,86.10312354117522,1.6985401140643184
2012-03-01,301.051296639,80.370003,9905.149820312521,371.3271678826161,2651.288938061256,84.799780767544,1.6582988931695857
2012-03-08,312.8104852686,82.870003,9927.36602629298,370.77455372863193,2738.7036623810372,89.00131067467025,1.710947096039843
2012-03-15,310.9586730462,83.419998,9974.364285219319,368.7534124247361,2680.7032344841814,89.31984542334814,1.6960135162978973
2012-03-22,305.6693469444,83.209999,9956.23886947779,354.2845225027597,2684.4034934005713,90.17067238153176,1.699786663890475
2012-03-29,299.488835574,82.790001,9767.60280347377,350.85886752269437,2672.2651883775056,86.95988291378424,1.6888018885227296
2012-04-05,294.4772738982,80.949997,9645.775132913173,358.01268041806435,2588.680759111462,83.7608718196756,1.6685558165946957
2012-04-12,298.2735435834,81.980003,9727.662194264707,369.16474994105357,2670.947755646437,85.6073944389319,1.677022368724547
2012-04-19,297.4054935834,82.410004,9713.385550174347,373.190792603719,2653.667998702507,84.6665088230176,1.6414243068691585
2012-04-26,297.903203361,83.050003,9808.826337368582,378.0941357522373,2738.8565428019415,83.06580986993114,1.6724543746343508
2012-05-03,289.0374973704,80.309998,9363.623449518396,373.4656991373989,2613.097697850615,80.09756653648049,1.6316443124253484
2012-05-10,282.8685530556,78.589996,9083.797164061118,363.79112845948765,2475.466394105121,77.93782760308187,1.5398173059458014
2012-05-17,277.208868213,78.209999,9275.240312041438,366.4650873062536,2414.5893538964565,75.77206111290437,1.5131208533955458
2012-05-24,278.4241416852,77.830002,9169.694342521654,369.7570745566422,2402.254488295506,76.45030301210407,1.5434398174385404
2012-05-31,277.7181265278,77.919998,9330.259588762663,358.1103475559723,2380.4440480569247,75.56777305256466,1.5074569455790319
2012-06-07,280.7389416852,77.709999,9221.585415108722,359.56308891977915,2445.478984239626,76.04870570348587,1.5555372555896576
2012-06-14,288.9680556852,80.220001,9431.233867581595,355.52432685844803,2508.7581802637014,77.50514993357307,1.5930177039770712
2012-06-21,284.56993221299996,78.540001,9151.809377412099,343.74892911778574,2464.813715429444,77.31193111577355,1.5206755222726123
2012-06-28,297.8337269538,81.260002,9555.227158577645,345.3585435819891,2533.294611822452,80.62101199481866,1.5681952634303145
2012-07-05,295.8198613704,79.199997,9259.039281724481,337.3061934210117,2496.0362184803166,78.37909257842388,1.5279875406496894
2012-07-12,299.6855738982,80.980003,9286.789762104496,336.33183144598365,2472.90232053733,77.27872338815304,1.5016508774217705
2012-07-19,289.8013848426,78.760002,9217.254175039845,331.2230088626815,2426.3036604823155,74.08334439589441,1.4802335226839087
2012-07-26,303.8985261018,80.739998,9318.309126186681,329.23972293041635,2547.513998623705,76.52698345414385,1.5727800065775643
2012-08-02,311.5720938888,82.559998,9448.637932229229,335.0744620366004,2579.0216776620955,78.64617264387454,1.5922731029773822
2012-08-09,312.9030969444,82.889999,9548.409959492341,328.55514464701787,2577.3211653117974,79.03474629792349,1.6372244774664422
2012-08-16,311.6530852686,83.459999,9719.721848797726,326.81322539537,2556.176721379227,80.86515797116758,1.6190113252664753
2012-08-23,309.03738557400004,83.389999,9632.140734742568,318.36642099054177,2543.4176063219356,80.31673753877583,1.6134479092824356
2012-08-30,307.27811442599995,83.169998,9616.340716136512,315.9546680405659,2460.716318922609,76.8632289997414,1.5678439498670693
2012-09-06,315.86603862960004,85.25,9810.831395923084,329.7349482231659,2580.2904095964423,79.3439759668049,1.6314267838377077
2012-09-13,318.1692530556,86.620003,9974.123834587346,320.62961029111517,2678.811182195738,81.75485699205356,1.6798250130378838
2012-09-20,313.33132915740003,84.480003,9811.072630131937,310.75889144844865,2638.4296599429867,78.8723397528156,1.6568682099660987
2012-09-27,314.08363221300004,85.510002,9912.608481740697,323.4730101472321,2684.7710089337806,77.4569814339388,1.6699111307146728
2012-10-04,311.0049435834,84.5,9794.63114998503,328.7097086534751,2688.7966093412037,76.12300799403673,1.6299124599259809
2012-10-11,319.0488886296,86.199997,9994.254309685399,326.48869039815656,2752.6813023326195,77.98546858689366,1.63571025478528
2012-10-18,311.9424352686,83.260002,9780.675628854548,328.0969420751835,2797.2990436704245,79.29385305514155,1.601249979298844
2012-10-25,312.84520611119996,83.43,9963.457080273993,320.7922373645839,2781.6236527075484,79.06352632852793,1.5996604904379694
2012-11-01,313.7017064166,82.629997,9809.227349079481,326.5060659734205,2840.4941684479118,79.45847343990208,1.6209858299390643
2012-11-08,310.345253361,80.300003,9567.978860998544,318.7050381735973,2755.9394881488524,76.72960248523796,1.5845846491247118
2012-11-15,312.625296639,82.440002,9704.563292534545,314.81313647151813,2766.5263956984536,81.66904441606275,1.5762184867601539
2012-11-22,316.14380305559996,83.639999,9736.804791287506,306.00657268803917,2790.2557490722384,82.4291035765616,1.6002628290297305
2012-11-29,320.4956386296,83.769997,9750.439189458111,315.05936725882856,2862.480584410088,83.85030784579648,1.6289253096568672
2012-12-06,324.812753361,84.93,9907.475218250018,322.9391723444081,2892.3560325441267,84.84760335777659,1.6526851287838198
2012-12-13,325.9817030556,84.970001,9947.977401050932,335.2681307008735,2907.7821456977204,89.97434898656006,1.6674514262726698
2012-12-20,324.6507,84.080002,9921.671190012472,344.0897418937891,2897.2183334508104,90.59387200768785,1.6583825347144414
2012-12-27,330.2409269538,86.709999,10058.015171718522,351.8418983685226,2996.2893752091195,92.05341217208264,1.6992512177865158
2013-01-03,333.58582915740004,86.879997,10043.097848862171,352.8051307340442,2984.2705628771223,93.67740841825709,1.6663806352953165
2013-01-10,331.05112084259997,87.480003,10112.552764400942,358.10167853011626,3002.0744813192377,93.87107692182097,1.6543667357852583
2013-01-17,333.58582915740004,88.849998,10261.167547263945,359.87115681482777,3037.8198855574856,92.86643073321808,1.656843189284315
2013-01-24,334.06036778699996,89.300003,10261.408781472801,369.4170567527463,3061.849979133339,98.41840823024484,1.6434740785580764
2013-01-31,329.3034352686,90.0,10235.101786055437,377.4802715325277,2989.2136970861643,101.51602333588372,1.6198479415029312
2013-02-07,333.6436852686,90.650002,10246.08966413069,377.15853793205076,2983.8450581965826,99.63567034854171,1.6532122011958683
2013-02-14,334.56962610179994,90.129997,10197.005673519923,371.6968266564761,2995.7019527762,101.55614068837185,1.6938467095270449
2013-02-21,332.3705730462,90.370003,10211.683329321182,358.6786338400139,2901.823574183878,99.65833635829992,1.676612435134846
2013-02-28,339.558017787,92.0,10291.564548541333,363.94417803400137,2927.6362686365865,105.66494839463965,1.6905838852894617
2013-03-07,341.8033761018,92.919998,10221.06637617393,351.0418230578747,2899.2067832561606,108.38701350079879,1.6730065697953636
2013-03-14,343.1691,93.279999,10287.233308472454,359.32289601307536,2860.620664627281,110.41109368646214,1.639274248318744
2013-03-21,338.4700583148,93.080002,10185.457006231723,356.8241701374524,2887.403861260669,110.63743375010407,1.6677442210400237
2013-03-28,341.2015061112,92.220001,9962.814834354238,345.04532751765714,2871.038123336362,109.47215383085693,1.6591940282019326
2013-04-04,339.33810831479997,94.260002,10053.283703515624,345.1741875810246,2832.102563837222,117.67162606414844,1.6193376181479366
2013-04-11,328.38911473139996,92.059998,9582.01427088005,340.1612148793204,2772.3501613258118,118.51076112161593,1.6095157518981082
2013-04-18,341.004767787,93.730003,9841.148508449447,343.9635317374471,2851.1880169606993,122.58929272273453,1.6191118179355657
2013-04-25,343.42372915740003,93.910004,9881.971030633358,337.6983381057552,2922.388377790803,122.19867817487837,1.6430724165931054
2013-05-02,351.4676730462,97.07,10093.464763356662,348.3022984717593,2987.5967792486986,126.50541777874524,1.6367977948196875
2013-05-09,356.5486416852,98.699997,10004.199712904858,344.9681401761159,2961.876716768826,133.68129638844837,1.6491881306419551
2013-05-16,359.4768613704,98.379997,10227.80368650821,357.0014093781684,2989.7471468064277,138.3855428704545,1.6680705139214849
2013-05-23,350.1135,98.089996,10211.843106823228,360.35279191442044,2898.98562126078,126.86644804025556,1.6742363714010826
2013-05-30,341.57188221300004,95.699997,9980.139010250849,352.1213095890895,2836.5599447891263,115.25180316308953,1.6390901149414139
2013-06-06,336.4330238982,96.089996,9712.423749250502,342.8129904845132,2744.7149512548062,117.68216779086612,1.5978617446141834
2013-06-13,338.37744663899997,97.18,9839.463789277945,332.35541740190774,2697.4455251446434,117.29163972478807,1.5797908548221447
2013-06-20,329.3266064166,95.57,9585.704048606056,302.59100627150207,2614.114390379616,113.65021349019435,1.49206318591284
2013-06-27,330.3913935834,96.139999,9741.136030554362,309.22320861497235,2589.5342787924133,124.4675183344912,1.5265402104563295
2013-07-04,341.2478113704,98.379997,9870.422363345158,311.37197976793846,2686.863638363314,127.66467014121348,1.5261219023381016
2013-07-11,343.7941064166,100.25,10080.47182752893,317.0774234135094,2746.926822484803,129.4219383407697,1.5791047717817308
2013-07-18,348.4931469444,100.489998,10163.48125168526,315.27985642444133,2823.6670280504172,130.45129141522725,1.5996771365912261
2013-07-25,346.7338769538,100.779999,10014.545345060356,309.1504882817105,2812.707333180202,121.03836212904514,1.6013085993253002
2013-08-01,350.4722916852,101.029999,9955.27628417504,317.3652006805101,2774.8140718326244,122.42529497843918,1.571441338610844
2013-08-08,357.196782213,100.790001,10137.014478765852,325.63883513426396,2897.2120574583396,124.41970439597858,1.6095743719245643
2013-08-15,347.925996639,98.400002,10083.92037104608,321.4250294251648,2804.23338902382,118.87773245812703,1.562347324303651
2013-08-22,344.777903361,97.989998,10111.269839715196,325.8193299307379,2766.5637999914934,118.11731873650652,1.5766200466579443
2013-08-29,349.92831137039997,99.089996,10232.054254249186,329.8999223792937,2869.589650262879,124.45255756247744,1.6172043078179594
2013-09-05,359.812517787,101.449997,10286.27150754861,347.5220593200257,2948.111201609679,127.73968156286307,1.6764534253430963
2013-09-12,362.5902708426,103.669998,10371.28599025944,339.85965825084406,2971.2862692612466,128.45068149506352,1.6779007546998401
2013-09-19,362.2893352686,101.540001,10295.334215018362,340.8929233639944,2983.1343775285236,129.47055652616834,1.671609486773165
2013-09-26,359.7083564166,101.82,10297.178712493936,337.1948604226194,2954.1957928261945,125.48527465058609,1.672789042044339
2013-10-03,353.157467787,99.410004,10209.998610149678,342.9480588350302,2960.556773717887,124.31060317861974,1.6755415420903117
2013-10-10,365.2175561112,103.43,10391.978037345298,340.04927638725144,2985.537788568135,128.11222210095792,1.702187748306022
2013-10-17,369.19901442599996,104.959999,10621.436625533226,338.5038268865012,2956.1839916124113,127.74835535047438,1.703141503364825
2013-10-24,371.2939061112,105.690002,10791.465590954887,334.9927321745083,2995.2661556685143,128.42402017946904,1.7230781335356324
2013-10-31,374.14113557400003,106.080002,10731.394506647772,331.7588909237983,2960.938347222312,126.96252560304515,1.684669053674996
2013-11-07,370.15967610179996,106.889999,10723.614722259717,323.74776519120087,2887.2765863337963,128.99794311059222,1.6427462266154411
2013-11-14,373.7360386296,106.68,10771.174554777908,342.14858917311506,3046.2719897639067,133.50462955070546,1.6876557284618665
2013-11-21,375.0439064166,108.489998,10716.716850846511,341.28911857660364,3059.830651918023,136.8125602646075,1.69733543604418
2013-11-28,367.173564426,107.599998,10670.84173830185,349.1492010042602,3049.850245540828,136.44338373130836,1.662189179584511
2013-12-05,362.6134061112,106.849998,10533.2947214631,341.76916388703717,2999.664543396551,137.39196592439174,1.65480179296054
2013-12-12,363.412014426,108.800003,10694.741879074907,333.1044634731258,2974.6757465675582,138.03610936730684,1.6520075231757299
2013-12-19,375.2406435834,109.860001,10841.752615896334,326.60282463822944,2979.2681844250806,141.7747719726978,1.674562664282544
2013-12-26,379.928135574,110.650002,10924.841928803688,328.0950871402658,2995.5709124337864,144.26596554183627,1.6827196725879878
2014-01-02,381.65265,110.120003,10919.227764851084,316.9871760152725,2955.7522110679297,142.76179384615915,1.6388977099393536
2014-01-09,387.161885574,110.959999,11045.94746549553,313.73224916440705,2943.5945762862443,139.99253745080796,1.6341457866061888
2014-01-16,388.9558416852,110.860001,11218.864185221399,318.13599475111187,2966.7621128496708,140.1008344212808,1.6484854014482841
2014-01-23,373.134203361,106.510002,10942.166104700296,317.8514731949253,2845.861552113294,136.2305861863382,1.6239976274748993
2014-01-30,368.0995064166,105.169998,10875.197148979973,315.24171714527625,2733.754001288921,125.57285138932059,1.582308975156242
2014-02-06,384.2568,109.349998,11148.526574734946,327.1611927652858,2864.3929706622175,131.06035919141547,1.6195551467355775
2014-02-13,387.6595583148,110.120003,11324.330265188137,332.2158442094475,2913.0712062520856,130.76344405486,1.6254868294742775
2014-02-20,390.8539938888,111.480003,11379.589208964451,316.5086828153904,2883.8845987076147,132.57383597574446,1.648778197052254
2014-02-27,390.1132416852,113.230003,11472.30358651029,318.3429884627833,2902.179542065742,131.92438275886917,1.6491713815849014
2014-03-06,379.5693438888,112.790001,11484.173376758366,309.7541316751246,2815.0580268598874,131.32894398313084,1.6167943742282587
2014-03-13,379.19896778699996,112.5,11496.203728085371,313.4819867660629,2772.2241416231386,128.07130914444835,1.6210945942328847
2014-03-20,383.0183738982,111.050003,11375.98010356635,319.9844016562349,2813.2330009217208,128.20095764770008,1.643373688792783
2014-03-27,389.9627738982,113.599998,11596.536544561432,319.25844729968924,2895.002445657609,132.35555570211324,1.670931778261278
2014-04-03,387.9141886296,112.199997,11577.688994149124,326.4296359253791,2936.033145034681,126.62939329519511,1.6723539848690574
2014-04-10,382.89107610179997,111.330002,11586.431363037904,326.4118058809817,2917.1186468665287,127.67423466634432,1.6667151998015077
2014-04-17,387.7868561112,112.260002,11656.127511983506,320.55999402390006,2893.1646169724263,128.81294839463965,1.673542016735939
2014-04-24,391.073903361,112.519997,11751.16728746684,314.19896927238625,2844.879753428933,126.6685334460964,1.6412653991445898
2014-05-01,388.9211208426,112.129997,11754.776392864942,311.6754291649965,2795.0472579560465,124.27173110706198,1.622935108958892
2014-05-08,395.3562613704,112.709999,11768.651240865498,317.5407364760195,2902.5638769091724,127.56867906020199,1.682292989941233
2014-05-15,393.90951137039997,112.660004,11749.56324062324,313.9808082726006,2935.17837012953,124.34894772549961,1.6802014493500936
2014-05-22,398.4812564166,114.18,11718.364215924052,317.90015519664,2966.4766858430194,129.91704480254782,1.6875051952658247
2014-05-29,397.6363416852,115.269997,11867.38001129998,313.962656487005,2975.6899287766882,133.4327227150834,1.6803939572559508
2014-06-05,402.474264426,116.470001,11943.812686200958,318.6320150159691,2989.259887563016,133.44618741255243,1.685505669911452
2014-06-12,400.61086778699996,117.349998,12118.01233061257,318.7205589689995,2979.547084548657,133.85636338413926,1.664439627900219
2014-06-19,395.76135831479996,117.519997,12010.060290827385,314.06622908769623,2939.0573661085186,135.19185020202602,1.6579809756532675
2014-06-26,400.0900238982,118.050003,12198.6156845035,319.32511083551253,3026.8330790784353,136.1071381945662,1.6860159932664462
2014-07-03,393.4696935834,117.639999,12202.946923770354,316.09902998250357,2978.820839794579,135.51099894830452,1.6736507810297592
2014-07-10,396.9534791574,117.809998,12211.849070963204,320.5435269217351,3023.447618335329,136.18975971160674,1.6845100430466304
2014-07-17,396.826146639,118.279999,12346.669678153556,322.282190772681,3081.104881097336,135.74043493739862,1.696925399550682
2014-07-24,394.0252583148,117.290001,12451.253062370592,338.21480033331545,3178.831629406346,138.55353592058609,1.7423454297230794
2014-07-31,381.0045083148,114.470001,12192.439946959046,343.8312647836664,3159.7988935142644,134.24591423977506,1.7240401602191655
2014-08-07,381.9651352686,116.199997,12241.04303630587,344.67040691846626,3199.1559412592696,134.72268727302372,1.7254039509348502
2014-08-14,388.07620611119995,118.589996,12481.088490056129,347.35814528176417,3233.784489907539,136.85524602672533,1.7341214268626528
2014-08-21,397.3701269538,119.459999,12513.730999717967,342.59081679052565,3202.807499250408,137.5669550900245,1.7359200706192577
2014-08-28,399.2682791574,119.629997,12557.761615589081,354.865338862092,3254.1165838677384,139.2807332628661,1.716067183223871
2014-09-04,398.95579388880003,119.339996,12408.82649334308,359.46708754847003,3175.380397408633,139.81587060420964,1.714569607532582
2014-09-11,398.597003361,119.410004,12398.400188859676,357.8526652629012,3133.1005468749686,140.70043280583627,1.7256131049939643
2014-09-18,398.5506969444,118.470001,12126.9951493313,363.3853555928674,3074.6449922403363,143.16914197163734,1.7030494881280585
2014-09-25,393.77062915740004,115.220001,11874.277882713184,366.5322428347623,2947.5764966652155,142.41466067329765,1.6661547321791488
2014-10-02,379.6272,116.440002,11762.876515833968,369.4664958929049,2990.03633935715,138.10855237047133,1.6441600586946936
2014-10-09,360.368046639,110.559998,11123.984971619013,368.05176139043994,2974.19124853462,133.48195489808265,1.6112476043974757
2014-10-16,377.439696639,114.459999,11478.639101556788,360.74599671703015,3008.1128820589015,134.5645268185111,1.6205005272658537
2014-10-23,380.5299708426,117.830002,11651.475148954749,367.9525421419806,3061.568317670757,137.7360031718011,1.6407467012610684
2014-10-30,389.303046639,120.169998,11668.077190982607,375.29691948052084,3045.5984623697545,149.98664522009335,1.6158657427550362
2014-11-06,387.8331613704,121.300003,11915.02051534405,386.752438555624,3076.7747749437754,152.2866608563841,1.6458500402246588
2014-11-13,392.5322030556,121.639999,12014.471419647285,380.0681470099137,3004.172131517041,153.09869357306812,1.6455153728146705
2014-11-20,400.78447084259994,123.339996,12061.149339992655,403.90335070148967,3099.113393243745,153.93845127985617,1.6572028773760867
2014-11-27,404.3261113704,123.269997,11833.133453992517,431.01475585734954,3011.280946350698,156.92138730597705,1.6480587188015294
2014-12-04,392.72897610179996,120.519997,11110.43046219943,456.00061430285086,3023.6070256393077,154.19525770678806,1.6276871343592374
2014-12-11,381.17811137039996,119.989998,11399.881028718315,474.6295175965918,2902.9585043082766,148.94534081729608,1.58970473630874
2014-12-18,398.018303361,123.470001,11717.000619712426,460.90891645233376,3001.091176520072,158.1062459435394,1.6285655194979145
2014-12-25,396.4558064166,122.290001,11735.527830741734,501.55607444868974,3033.9562029024423,154.53344036097477,1.6026136679473482
2015-01-01,385.6456938888,120.339996,11456.904580417158,523.1518243468731,3043.752851577297,149.52625120334505,1.5760427279113507
2015-01-08,393.1340730462,119.580002,11296.018995595176,499.6581905697443,3099.192971321903,148.73485225433205,1.6009990555008926
2015-01-15,414.48808221300004,120.699997,11677.782144372115,515.3458373910295,3130.03766641242,153.02546361760216,1.607332195233586
2015-01-22,427.1731769538,119.370003,11711.868139798627,512.5745142307218,3195.4890700727165,157.58820539265952,1.6410896402957864
2015-01-29,430.6685469444,121.650002,12026.90278268519,492.1672747682064,3172.090079086764,156.55221076382253,1.6421020153810455
2015-02-05,430.59910641659997,123.300003,12151.85787540711,489.6209645322866,3125.210008459773,156.32143436029995,1.6278041702777877
2015-02-12,440.240232213,125.339996,12201.0217547689,503.4522548824286,3191.6678122219237,161.16082071708342,1.6409808760019662
2015-02-19,447.636035574,126.25,12213.693567636756,500.6514802305878,3184.7527966271477,164.57926224996635,1.665259495916237
2015-02-26,452.091996639,125.419998,12096.758709934862,508.51125967882217,3144.5359533372502,165.62774435697477,1.6718018917752253
2015-03-05,457.72856473139996,122.370003,11821.183774993417,510.2737723828841,3048.471309137492,165.8041431153742,1.6571945028475599
2015-03-12,461.3975030556,125.980003,12000.034998054882,554.6819846652108,3100.154436171107,173.07407570635502,1.6970341638445026
2015-03-19,460.58734388880004,123.239998,11973.728787016422,567.6176904811371,3152.614015127386,174.86037472127467,1.7090480633545606
2015-03-26,461.24703526860003,123.550003,11984.314869001872,590.808934668962,3223.8864229475066,168.56100715719663,1.6970341638445026
2015-04-02,468.3534886296,124.860001,12201.66321630975,619.4194164177965,3372.2241269336696,175.24657021497936,1.7228103594500626
2015-04-09,479.2330416852,126.199997,12391.984001485274,633.2739879610417,3549.8475974487446,175.95455205178578,1.773592924008732
2015-04-16,473.36501442599996,126.169998,12274.807909574527,682.0129037556133,3590.338319965419,178.2936213660551,1.793613093657214
2015-04-23,459.83500611119996,125.839996,12308.89390500104,694.1268050232839,3650.29632038619,177.6298992048248,1.7925589488331177
2015-04-30,449.85822389820004,124.290001,12049.52000037655,655.7730827911419,3552.686805467513,172.96028734664577,1.7607258641761419
2015-05-07,457.7053935834,125.43,12014.872431358186,678.4878025251058,3502.3504823315975,175.02438976015455,1.7687405088430928
2015-05-14,470.3905230462,127.199997,12088.738475716858,689.4236416505545,3545.507198739509,178.84850173755015,1.7899739351746022
2015-05-21,473.23771778699995,127.120003,12118.974915113296,766.242381124511,3609.278674903797,181.29276344512013,1.7631687183305262
2015-05-28,458.2493738982,126.779999,12154.424506751437,761.3215487446814,3554.8153329467514,181.30099619868707,1.726073080783849
2015-06-04,452.28877084259994,126.279999,11941.326727184533,791.7215342605165,3430.1630511582584,177.5184111754017,1.7161676750563453
2015-06-11,444.14066442599994,126.150002,11816.211073383687,770.3023801206527,3438.6651113856014,179.04959873893958,1.702396902365136
2015-06-18,459.8581761018,126.730003,11988.24509735985,727.2358791831628,3522.3615022545728,184.79462209906504,1.744788283877464
2015-06-25,447.99482610179996,124.889999,11672.087308091608,628.5504961266009,3373.916857305223,180.02414177709412,1.755128746780249
2015-07-02,431.571317787,122.370003,11558.841443736817,543.8111434640426,3022.5840572463662,174.78458499904363,1.6867939894764463
2015-07-09,462.9947208426,125.849998,11759.507861067841,590.0970626533143,3220.4173675630377,181.2108510503229,1.7342300890892925
2015-07-16,463.2840708426,126.099998,11474.628984447787,624.2624179736883,3249.5756081459426,182.36506172702985,1.7273866251649885
2015-07-23,456.02718557400004,125.540001,11470.378417508835,587.5332253524194,3164.338363121256,179.79026943040859,1.7047059715439161
2015-07-30,467.50857389820004,125.279999,11631.74568636962,572.8657076101495,3150.8055574803057,182.54562874596635,1.6981301804746174
2015-08-06,443.27261442599996,124.370003,11500.614856905271,602.5972411316649,3073.9265294650027,180.58600960351495,1.6527102523694006
2015-08-13,441.3281916852,124.07,11257.681648850808,588.2993443295911,2977.7642325241372,179.07936462285082,1.6225168008406639
2015-08-20,405.252053361,115.830002,10732.356307571616,453.89357895295,2709.4630822524405,162.73407140227394,1.5846264188635493
2015-08-27,409.557546639,116.519997,10863.647698916913,490.0028504020149,2690.7682398363336,160.2419006315486,1.6023041241229408
2015-09-03,421.0273852686,116.300003,10852.901055050515,502.86042241458114,2844.5378435182847,166.22026016196173,1.6181830835585465
2015-09-10,418.828332213,119.470001,11038.889816580278,488.77727956682384,2823.3753250512946,160.91667473187914,1.6526935033123467
2015-09-17,401.58307915740005,116.040001,10734.041026743122,483.13711759801186,2738.0635225881915,160.01883809977966,1.6269174106105837
2015-09-24,402.5089852686,113.889999,10672.52567389647,473.35200904887193,2679.3755093259674,153.97892320232134,1.6421187644380992
2015-10-01,417.7403738982,118.610001,11122.781936486313,,2893.9511103031014,162.25721189610252,1.6781182832874812
2015-10-08,411.8144916852,118.279999,11128.315428111011,505.8610361841809,2884.202158219903,158.4318546289212,1.6812221989638794
2015-10-15,419.719553361,119.629997,10991.089533430115,514.890738885242,2954.8050552090754,164.30545415721346,1.7091902220220754
2015-10-22,434.9856269538,123.709999,11118.61125749636,523.3443950596163,2950.6084998463284,167.39368634414234,1.7087970374894283
2015-10-29,440.13607084259996,124.559998,10957.083427556649,536.4379202827018,2963.0759120330267,167.6052472421913,1.717380728441627
2015-11-05,438.31894358339997,122.980003,10700.51660490846,565.993009380553,2872.9249039659303,174.3750230250574,1.670948527318332
2015-11-12,439.03652695380003,123.43,10747.113852123899,553.3123739393923,2851.857527920177,174.00122854545677,1.6421772823973746
2015-11-19,440.7842113704,124.089996,10749.841045349178,565.6334204084453,2891.6684471787585,175.75814217503597,1.6811134346700591
2015-11-26,444.6383730462,123.580002,10798.282790040192,548.4183431440705,2889.3149921600684,176.5600050207085,1.6810046703762387
2015-12-03,421.5135083148,121.279999,10376.257908292288,538.4224931797598,2802.4377342522853,170.91858286355165,1.6299292081464187
2015-12-10,417.16167389820004,122.639999,10559.520260173653,545.2058903178822,2789.257131077658,168.69446070814385,1.6476320361547745
2015-12-17,424.059803361,122.330002,10654.801269865842,563.7974300776217,2832.8775095165524,167.24916355065494,1.672579887985225
2015-12-24,425.5759938888,121.440002,10540.432259931398,553.9958544263169,2812.5132830507173,168.5510102497414,1.6408638400834157
2015-12-31,410.1246969444,117.07,10207.191528173376,521.2734738024757,2696.6640525822386,161.0913093363902,1.6108460453363016
2016-01-07,398.874767787,110.709999,9760.94616626942,457.3526981187503,2562.230686204911,156.87889178428924,1.6031909858573257
2016-01-14,373.0184564166,108.849998,9498.443273131868,461.55427657692513,2427.4566651411346,145.37182611248815,1.5439333925730974
2016-01-21,393.793764426,110.169998,9927.285353965075,424.16469518340386,2448.811727622805,151.99327404531599,1.587788852499223
2016-01-28,381.2822738982,111.870003,10099.880950731063,424.7366913372809,2440.9894707820854,152.23529265493497,1.581765256590937
2016-02-04,364.8009083148,108.010002,9773.216967426371,428.4960043443813,2479.108914893314,139.14825691350575,1.6044542847405363
2016-02-11,380.5183852686,112.669998,10319.79592938327,444.59794156843145,2432.3754489518155,140.23721095183475,1.5761347431481174
2016-02-18,370.6342147314,113.019997,10218.01884436768,454.1428950445314,2466.805930778865,140.94059212806886,1.6000536749706165
2016-02-25,394.6386791574,116.709999,10440.661016245165,441.8601204275226,2571.0490507203413,148.29730584490747,1.6292432280098017
2016-03-03,392.52065336100003,117.040001,10741.419799420275,443.8564664164835,2570.119718505303,147.37323164552868,1.633869637992092
2016-03-10,394.6734,119.18,10809.751567775344,445.07738107507635,2603.722537293096,150.31543631270543,1.6522334254552815
2016-03-17,393.59702610179994,119.120003,10730.672371976993,466.7123491320669,2649.6760369155236,150.55038098562048,1.669149781494546
2016-03-24,394.88172389820005,121.0,10830.52428799113,465.2680116483575,2673.8602660079514,149.46984995899925,1.67502284420679
2016-03-31,382.69430305559996,121.269997,10705.007622479385,473.01259689370875,2597.1637405993188,139.16570827394645,1.6492382740727032
2016-04-07,397.0576416852,122.370003,10964.783322391655,475.50060964023896,2719.5295938479276,145.06215540956237,1.657604436437261
2016-04-14,405.95805,123.639999,11157.188271295821,460.9169796744011,2729.503473342047,149.7140651225417,1.6781099087589542
2016-04-21,403.1455761018,123.400002,11138.260831330468,457.98439222780127,2745.606879305334,153.11410403084622,1.68611638303174
2016-04-28,384.0253061112,120.620003,10933.183285981566,463.81466448076196,2638.1854026449155,142.99141145052945,1.6537476481364433
2016-05-05,387.428064426,121.480003,11058.45950086134,439.8996235406194,2577.706755379427,146.81366414053866,1.656583789727272
2016-05-12,390.7150769538,120.43,11088.775829810824,435.32187535212466,2548.2889443030354,147.3952836488309,1.6370320716277658
2016-05-19,403.4233416852,123.199997,11271.396719349317,436.49596278886446,2617.9060260446427,148.39293372193268,1.6401945061000556
2016-05-26,398.284482213,124.0,11279.256392488393,451.756902788141,2668.409287701207,150.1496744056664,1.6587757200837048
2016-06-02,398.7937416852,125.379997,11479.441124978586,453.8735534706606,2737.4171069314043,149.04442783261516,1.6958880037836392
2016-06-09,374.569367787,122.480003,11166.973113436352,447.67922523731306,2630.690746724495,140.97415441681105,1.6471551080100908
2016-06-16,395.04377610179995,123.199997,11231.375437812349,450.5229659065163,2672.797131982965,142.26827859242388,1.6670247436259154
2016-06-23,377.87951442599996,122.220001,11257.762321178712,454.56093299573973,2626.654853889927,137.85041417197553,1.6367225278033584
2016-06-30,368.932835574,123.360001,11413.675204390964,467.84922452451633,2634.259965298471,136.18701833842084,1.6340118995634039
2016-07-07,388.68962695380003,126.809998,11624.36691449449,474.5781855327956,2740.56458636891,143.73570559212854,1.6778757340180566
2016-07-14,394.4534916852,127.949997,11656.287289485552,469.49404460838105,2812.555707983498,147.72471468534812,1.6861665272991044
2016-07-21,396.68726442599996,127.760002,11666.633705217933,463.9273979449386,2855.807315664983,147.57355034633665,1.6941897506289438
2016-07-28,388.4002769538,127.639999,11639.043785916847,461.82823664878623,2794.129473263823,142.42227942926397,1.6688737349476301
2016-08-04,398.1224647314,128.470001,11849.896057099299,468.07469176298156,2890.952494851825,148.19607416827392,1.7105790342561602
2016-08-11,394.05997915740005,128.820007,11787.819130660799,482.1551468700498,2930.4561470252643,148.28924605489672,1.709834433256471
2016-08-18,399.2219738982,128.679993,11730.555128329983,478.48418849260486,2933.155277498673,146.97563828561135,1.709842807784998
2016-08-25,397.60162084259997,128.440002,11707.937911440647,478.4238847336423,2953.219014781575,149.5445846407299,1.7022212455835133
2016-09-01,405.62239358339997,129.660004,11867.38001129998,479.4219820607952,3051.53544482424,150.65185480414843,1.7250021877393147
2016-09-08,391.6873230462,125.93,11522.26948929388,465.6097707311238,2980.6935623244017,147.12564381661517,1.6726970259709562
2016-09-15,396.3631935834,128.240005,11798.405997025155,469.17991991589406,3042.2928308524693,148.8380902356037,1.7033422828954121
2016-09-22,396.49052610179996,128.410004,11814.928149499965,463.28529353116124,3035.8341972196695,145.80760835916908,1.7176233797782323
2016-09-29,398.3770938888,127.800003,11718.043092964173,465.8972073400943,3057.512090872503,148.94099959320278,1.717573133443687
2016-10-06,391.8493416852,126.440002,11724.780403298453,474.23847055326615,3008.508764553677,149.1248355011477,1.7014515218348596
2016-10-13,397.728953361,126.779999,11902.428591227219,478.3041856888162,2995.3884098271164,150.53204754823568,1.7074834922716724
2016-10-20,395.55303557400003,126.199997,11876.041707058832,483.20287266073626,2998.018003630379,154.0115947623994,1.6848530849851455
2016-10-27,383.7359561112,123.589996,11705.291390543274,481.0973514326671,2931.834079223534,151.73434025165417,1.655613285611415
2016-11-03,393.2960916852,127.93,11837.785817021273,485.07255417927763,2881.0248057060267,143.91379067435807,1.6384125093333235
2016-11-10,391.7451791574,129.520004,11816.371634462615,496.9632976125341,2863.716932819665,158.17691614109566,1.6562073525784462
2016-11-17,394.4071852686,131.5,12095.235335419165,502.5577301559669,2914.635406601095,160.83998563811937,1.6631512062680438
2016-11-24,395.819214426,131.149994,12096.839382262766,503.9372591938266,2929.1695915756313,162.1288086826366,1.6594115559529576
2016-12-01,402.4279938888,133.809998,12221.072340313907,499.6279439510476,2930.6027515822275,163.7954733963443,1.6664475277831188
2016-12-08,411.7103291574,134.220001,12188.51050217795,486.9581729736349,2886.349764438628,170.49829755642693,1.7040785093665742
2016-12-15,417.3121416852,135.130005,12275.690605324231,486.4773328461497,2803.2141860464194,172.18862277606428,1.704990392619359
2016-12-22,418.43482084259995,133.470001,12319.961671025292,481.020315580837,2796.1372526992636,171.80988172648966,1.693721196176171
2016-12-29,422.751935574,135.0,12444.83687499619,489.7899512275601,2844.9440184402047,173.51400891013316,1.7114156504926161
2017-01-05,422.3352530556,135.190002,12424.545838819207,486.3725109592733,2947.8810022828243,171.48178246153637,1.7361208501498449
2017-01-12,420.21722610179995,134.850006,12349.476760129857,482.69118026582174,2968.8198484345635,167.31708373216068,1.7322474148591545
2017-01-19,424.2912613704,136.619995,12546.693849564825,488.35738683575363,2962.5038027955225,168.76167176740628,1.7292355144195224
2017-01-26,420.36769388880003,135.419998,12353.08586552796,489.84764306821717,2997.113272704306,169.56379404955777,1.7405633308891668
2017-02-02,421.2241583148,136.309998,12474.672302681727,491.0595480429237,3018.5443987391977,168.3197841427437,1.727679522836139
2017-02-09,429.9393791574,139.729996,12708.06111842561,498.1927674858796,3084.0610716158317,172.13097624193267,1.7433912000186493
2017-02-16,432.15001778699997,140.490005,12696.191328177532,505.67141820282944,3110.67858495277,171.61637753476205,1.762424219398018
2017-02-23,434.82360831479997,142.339996,12511.324929452567,503.4566082346605,3055.9928257761444,171.7374300804606,1.7498998953024005
2017-03-02,431.2240769538,140.119995,12428.956967639111,502.4845555086276,3056.735638949839,170.50201613119972,1.7530539544095471
2017-03-09,434.1407469444,141.5,12448.125641011295,502.65433733106477,3058.0954966136883,173.36542162361596,1.7845024323601482
2017-03-16,432.9023208426,139.229996,12309.856489501768,503.19082504091415,3125.902865612545,168.61893042239177,1.8140350265012324
2017-03-23,438.1106208426,139.639999,12557.761615589081,502.58517537792716,3135.1108367588095,170.178361857847,1.8129306353425905
2017-03-30,439.9161613704,139.039993,12546.052387221953,507.08039873222225,3136.235474456063,167.02397364330074,1.8078022765338324
2017-04-06,442.0110530556,138.759995,12550.383627290832,507.6269937673758,3125.014703106087,164.29066633990055,1.7810805983308156
2017-04-13,436.61756442599994,138.589996,12473.790390508902,491.6340426141149,3062.341003920821,163.22438696304974,1.7890200780486183
2017-04-20,449.9161147314,141.740005,12551.265539463655,487.00715795477197,3159.0661218771115,170.81550054239634,1.8471148651187266
2017-04-27,450.65683221300003,141.460007,12465.929933792944,486.1541984697765,3174.1942560391126,172.1993288146182,1.8570118963177031
2017-05-04,458.8512438888,142.220001,12538.192714082878,473.35261469760457,3215.2324865043256,176.22313684350112,1.8992193485870623
2017-05-11,452.705453361,139.639999,12249.865293945672,481.36233980936174,3250.9909445087237,175.4685777062479,1.9184280247480536
2017-05-18,454.129032213,142.460007,12366.800152449587,475.1033544648197,3268.325678241846,174.83187142173372,1.938724343010633
2017-05-25,451.374414426,142.740005,12310.979635883443,483.3371460391458,3298.163973230508,174.0135430777827,1.9638561232474356
2017-06-01,450.4369238982,144.190002,12328.783928665096,486.9262229097315,3338.4593903934974,176.9716770756955,1.9745313547907735
2017-06-08,448.5850769538,144.759995,12166.775197461438,485.42979622378215,3325.8300605829495,176.07640019265037,1.9849890577464708
2017-06-15,449.6499,144.460007,12149.451805141709,489.389591831038,3302.5249566655048,178.33691248290899,1.972347900193432
2017-06-22,446.54807610179995,145.029999,12315.55054220539,492.0238403712556,3301.1008339903833,178.26271395986538,1.993288429690407
2017-06-29,443.27261442599996,144.580002,12153.140799290833,497.28537187104115,3280.3394698055727,177.83075406431982,1.998132470327519
2017-07-06,445.48325305559996,144.639999,12145.842699743607,495.79837119433574,3347.389716640385,177.9790819143581,2.000993632600131
2017-07-13,446.2240064166,146.389999,12226.606614713462,500.982223359895,3428.173346128708,177.29259862758227,2.0329272082529655
2017-07-20,442.98326442599995,146.690002,12167.818455092092,503.57149961317714,3462.7298476584306,177.55206858878657,2.0367506021800885
2017-07-27,438.22636778699996,146.289993,12243.368434243364,509.3677775439419,3548.377284168242,177.81665808352108,2.030994576223011
2017-08-03,439.6268113704,145.979996,12204.630860167,507.8972439694014,3567.6193833852235,174.79406304239635,1.9814334387415338
2017-08-10,438.75876137039995,145.75,12096.277808670917,503.3816923084508,3522.8884252202915,174.71054214497173,1.9645924517857787
2017-08-17,432.7750230462,144.380005,12081.03936365671,509.77839575547927,3521.9372527982323,172.10140060730683,1.979768579960533
2017-08-24,429.40698557400003,145.389999,12137.100330854826,521.5505379403836,3611.0007763134518,172.73808960609185,1.9846963642096815
2017-08-31,432.8097438888,145.990005,12078.312171233456,524.9248608566528,3549.197165228753,171.42245823758378,1.9407991345447184
2017-09-07,441.36291137039996,148.0,12132.047740494076,524.7322901439097,3585.2267412494534,175.9196666431997,1.974564852068265
2017-09-14,442.1036647314,148.850006,12342.8193385466,521.9178874652484,3615.266868474875,179.85713458026936,2.0180856445844024
2017-09-21,446.316582213,148.550003,12519.34516367057,518.7044881772413,3552.8821109497276,179.47272053503752,1.98493064101776
2017-09-28,451.84895305559996,150.5,12608.610214122375,519.2737207680457,3647.5766050584907,182.65720324831221,2.0032524554443665
2017-10-05,451.5596030556,151.449997,12672.291187404477,525.3737510752907,3648.9121123239797,184.91186958821274,2.0565364941838764
2017-10-12,453.1915416852,151.800003,12657.69420393112,524.3674390363592,3690.323129981277,189.1782323942571,2.0772427460361564
2017-10-19,448.06426778699995,151.389999,12715.920791564688,526.709405467633,3637.771170071295,192.22952099306352,2.085265969365996
2017-10-26,459.2215852686,152.610001,12855.873878668837,526.5566965511495,3675.1952467098804,198.53864332270237,2.1387842857502006
2017-11-02,456.5364438888,153.350006,12916.908331053564,529.5875567843899,3715.49442941694,202.91090765314613,2.135379199941305
2017-11-09,442.08049358339997,151.75,12734.928903055921,527.5818982871765,3708.3082958058617,195.06945623769093,2.1068088374547322
2017-11-16,447.9832416852,154.190002,12891.403359058,531.9140402539252,3856.3492761531616,199.45137155733283,2.1254319232444
2017-11-23,449.0248935834,155.929993,12806.469548675073,517.5555368685225,3807.551547743695,200.10710310689058,2.1023328586013026
2017-11-30,447.1267761018,155.830002,12759.230056341903,510.74904786067196,3627.7342806615734,196.38641936890744,2.070098214883153
2017-12-07,452.1961938888,157.809998,12941.93083463142,512.1557191410695,3755.9171215068022,201.5316800326412,2.075268446334545
2017-12-14,449.49943221300003,158.910004,12960.458045660731,509.7630264497883,3757.458226681651,202.71520689863962,2.068424982410241
2017-12-21,452.01100641659997,158.470001,12995.265392181138,507.9297996820374,3804.18792707908,202.88780060934357,2.038557619628604
2017-12-28,451.64062915740004,160.210007,13130.406338754488,522.4003932042763,3927.999492062166,201.59250897400307,2.080120861500184
2018-01-04,461.3396469444,162.190002,13031.276557411127,530.5758872892127,3993.9060224602385,210.65387739916295,2.0913314370803002
2018-01-11,460.61047915740005,165.279999,13094.395957101378,534.1168878068163,4110.828428361715,211.3635542115195,2.1044495227780224
2018-01-18,463.8743564166,167.399994,13060.309961674866,551.9164156330314,4236.181349410254,212.00503411130683,2.1233320081247333
2018-01-25,457.7053935834,166.360001,12793.63717392627,539.7240399039708,4227.001494206421,204.5444511210115,2.147142073586231
2018-02-01,439.962467787,158.190002,12295.499956660384,513.1206172731901,3897.441479202501,191.67827271456312,2.0050010570007877
2018-02-08,433.48102084259995,159.389999,12293.655459986834,496.048785237447,3922.1707056665377,187.32851008204133,2.0261423651917334
2018-02-15,441.0851469444,159.679993,12450.611600027716,,4039.9416106092244,194.56018459906505,2.03268455691636
2018-02-22,439.38376778699995,160.199997,12385.407252229921,505.3907576960774,3964.472647297827,195.4229628678776,2.0307688772412047
2018-03-01,431.3745435834,161.75,12409.387282556025,507.2917457961256,3881.2107983123415,188.20121607997092,2.0094016659340914
2018-03-08,433.9555583148,163.139999,12554.553521901877,510.3485369744386,4040.34251387227,192.84647560456162,2.0798949583840165
2018-03-15,433.9786935834,161.160004,12571.957587351535,508.7312756135255,4037.708903505803,189.3369203645922,2.0789662248436134
2018-03-22,427.381535574,154.190002,12166.615419959393,484.1298016101227,3858.7963673497543,186.24054190587452,2.0240173273231026
2018-03-29,425.14772695380003,156.470001,12162.204291139491,485.4975575560795,3794.0378208422303,188.79302275385925,2.014622143720029
2018-04-05,435.3907238982,156.600006,12237.193481077818,497.43236464811633,3971.283483396951,192.0478124518485,2.044874113208041
2018-04-12,441.964746639,160.5,12455.423740558519,479.3399492192808,3892.4353352063877,196.21958512678347,2.0747915173532454
2018-04-19,440.00877304619996,156.539993,12439.222711043585,483.4605926324152,3898.0778534512765,196.7254149217001,2.0487142553556015
2018-04-26,448.42305831479996,156.389999,12533.942147143925,477.7549785803011,3948.9410994243804,199.00531567213315,2.0962340977438685
2018-05-03,454.2100583148,160.199997,12760.834103185503,489.8451444958469,3924.8108429160793,198.43946982560522,2.0446733328408375
2018-05-10,455.1012435834,161.809998,12919.073167110111,491.460058774101,3998.594606944064,201.17002712181028,2.0579254076485256
2018-05-17,454.3720769538,162.550003,12939.685326246969,491.36689647813614,3941.4554808354346,200.92659025884927,2.0680399674351433
2018-05-24,446.166114426,162.410004,12871.433445840898,471.5940010316971,3863.199775846062,194.98266645125787,2.0154336363709042
2018-05-31,447.774917787,165.350006,12979.867169664887,483.0273368652269,4017.7327774274677,200.35975856786993,2.052855464731862
2018-06-07,449.36055,165.589996,13045.552417924608,472.88933946875835,3949.10427240096,203.3763519985203,2.0654633283051544
2018-06-14,444.7772564166,165.660004,13170.026609382578,452.10157676863514,3816.849389523793,199.73721745134816,1.9776854138979203
2018-06-21,439.7772791574,161.179993,13017.882609872497,436.20012229979636,3644.6307069671407,197.22529498989599,1.9593803485283678
2018-06-28,439.86985611119997,161.639999,13076.75144182177,427.81903512402874,3629.902471734589,192.31293811412547,1.8953205864130458
2018-07-05,441.4323530556,165.149994,13167.05974910221,430.71005717410645,3638.9020836324894,194.21836985188372,1.9080038190698478
2018-07-12,447.9832416852,167.410004,13215.261043963272,432.180931406677,3613.9326164335866,201.85152924944302,1.9159432987876508
2018-07-19,448.1105730462,168.550003,13169.86683107851,450.2278825558919,3717.203979227243,200.25809449120123,1.90165382821292
2018-07-26,451.2008113704,166.869995,13134.57701774444,437.9609315586517,3642.635981169319,201.43098451469473,1.9301322775299075
2018-08-02,451.02720831479996,169.539993,13085.09201542277,425.48452611103363,3645.0009838393544,200.52429247970775,1.9254303963969264
2018-08-09,439.4647938888,167.449997,12951.475226942,422.25749895126194,3511.901618612711,196.62712350154706,1.8898407090700649
2018-08-16,444.4647352686,170.449997,13110.91732680133,420.91624176544667,3589.532497004653,198.02919872937568,1.9019048540780523
2018-08-23,447.4276769538,173.380005,13145.405116713604,429.39579105122976,3652.365603493898,202.32999725824178,1.9317720127253275
2018-08-30,434.81202389820004,172.0,12942.73285805322,419.323662218477,3501.6526044105544,199.96214791336803,1.917332008954555
2018-09-06,436.43237695380003,171.960007,12871.67389647287,411.8458064736348,3386.128464671035,200.1727229581102,1.9099278732735303
2018-09-13,439.7888647314,172.839996,12952.598373323675,423.4346904540485,3522.669773544781,209.62948818040863,1.9312950845806436
2018-09-20,445.64530641659996,171.809998,12968.15715772088,435.2131922607577,3575.3028177762553,212.82867223807347,1.9569875365741671
2018-09-27,444.2564113704,172.639999,12890.200323925299,437.4672583764535,3482.0402284498887,213.5120595993971,1.932223818121047
2018-10-04,424.68477389820004,164.139999,12445.318559034993,422.6573662000429,3366.5959178076605,208.1552380376144,1.8644914002456214
2018-10-11,420.7612064166,165.559998,12455.343851807496,397.19362035844813,3272.664821726882,202.26711012848816,1.813374067046399
2018-10-18,408.8746852686,156.160004,11957.44708437156,403.6564951935588,3245.3547022563052,195.62610077192963,1.7548695505209515
2018-10-25,418.52739663899996,159.589996,12052.246410024945,403.57711225906974,3210.640048518274,194.11431897200612,1.6980715596115452
2018-11-01,424.059803361,165.720001,12326.61909260855,409.555929244601,3360.7631148488267,195.57846843098244,1.7390657551978776
2018-11-08,419.2912852686,159.119995,12137.100330854826,408.14505594662666,3297.364426133683,193.459192768329,1.7301642487965418
2018-11-15,410.9580261018,156.350006,12106.54355207539,411.1317388650394,3338.113714938778,190.4577330643933,1.7372754868064157
2018-11-22,413.643203361,161.770004,12167.737782764189,403.41493949967844,3429.5101086183968,196.38624640535122,1.7637710577589034
2018-11-29,410.0320852686,159.270004,12176.80049023394,410.8681512642409,3447.1340349022425,194.10430476111094,1.7579901131872229
2018-12-06,405.09,156.309998,11856.392133224725,403.47944512116175,3365.778547195549,191.30086342769704,1.7423119324455882
2018-12-13,395.2752352686,146.690002,11440.141977310373,395.3250364813247,3324.479240122045,185.85630082419897,1.7391913706159328
2018-12-20,388.00676442599996,144.529999,11052.043313486938,387.37546379387487,3296.9725600735824,171.14873662660906,1.6966661020608198
2018-12-27,390.2868435834,146.970001,11506.790593647702,382.25816166314775,3230.004401765328,177.23867065936804,1.681598635276089
2019-01-03,402.4279938888,152.160004,11873.716309121333,394.5159516418466,3401.202626377439,180.88967006195716,1.7273698769445507
2019-01-10,405.7728613704,153.970001,12119.61637745617,398.55936987977594,3457.727469206388,181.02860635042083,1.7619975375878791
2019-01-17,410.749703361,155.210007,12197.412649370797,400.20013943577516,3471.3644544715207,182.3655114127942,1.78013531986772
2019-01-24,414.939485574,157.970001,12419.011563617629,399.3584988836611,3552.9360834053246,182.03625333983322,1.8457426998745148
2019-01-31,423.0528352686,161.169998,12601.632453958146,405.9725685134237,3597.582442852359,184.84803119432135,1.8434503797527884
2019-02-07,422.4162791574,162.729996,12532.979561841175,421.9179353063876,3662.7958650785235,187.24270615777047,1.8417938955003144
2019-02-14,429.9277935834,164.830002,12857.398035959392,428.1435699661861,3664.9115896822177,189.78429071791587,1.8654534277657704
2019-02-21,431.2240769538,165.360001,12891.96493264985,458.00812773498194,3696.194341181157,190.89138793548892,1.8696616316970138
2019-02-28,434.5805647314,163.800003,12906.240792361306,480.9990786460264,3732.2033323475666,191.2482672310467,1.820142366021555
2019-03-07,434.7194469444,166.100006,12952.6782620747,469.3469004966508,3702.6220975325214,188.53346631087686,1.7973946149417026
2019-03-14,440.7842113704,166.119995,12966.793560707229,479.2222565990836,3768.6250254475012,191.3555005181546,1.8213972903762385
2019-03-21,436.6638708426,164.949997,12938.642852193194,468.69086523168636,3692.442620129041,189.31708220979803,1.7950606271483196
2019-03-28,450.13602304619997,169.039993,13056.861418157714,498.7058226679706,3854.1514630229103,192.27903855884622,1.8432914720282196
2019-04-04,447.54342389820005,170.139999,13150.217257244405,502.6806847565511,3871.2677960996575,192.05198072124102,1.8609607006919033
2019-04-11,450.9114613704,170.660004,13268.835268568082,505.96600940571244,3871.9257594077894,197.280208811417,1.8789479497757025
2019-04-18,452.5202647314,172.339996,13302.761485690527,496.4294598097101,3830.9440118465723,196.58974751338945,1.841417459188105
2019-04-25,452.64756137039996,171.990005,13235.632751666135,477.31494655583833,3817.227197484148,197.1098289580765,1.8435592461137895
2019-05-02,442.3930147314,169.729996,13151.09917021925,448.6943953153635,3727.7818494453686,191.29944518321042,1.813792375164627
2019-05-09,437.5666416852,168.110001,13087.49808568817,455.65965019219226,3633.3780541306623,187.63305261742772,1.7508537515917681
2019-05-16,438.8745083148,168.199997,13094.95753069323,448.376220095011,3561.045022476896,188.47262007493038,1.7274954915259897
2019-05-23,428.828285574,163.869995,12937.840828771396,451.94110745445045,3500.6065408434524,185.99310974593268,1.6927423183684032
2019-05-30,432.9601769538,166.639999,13002.965287016144,443.6800221478752,3456.871439205566,183.98054848857385,1.7310511105309265
2019-06-06,439.51106442599996,169.660004,13014.594626632248,451.1168046439365,3509.957099983476,187.11200261401837,1.764214488626096
2019-06-13,445.3327852686,171.570007,13242.850962462338,452.4228562100906,3624.821770300059,188.91981747355317,1.7776254711583526
2019-06-20,442.3582938888,170.399994,13082.766617485275,461.4906794285407,3627.3717858966343,186.7300618626289,1.7751742433120574
2019-06-27,454.3720769538,175.550003,13294.50001806569,467.53460768428806,3708.7518750208224,191.6144343118164,1.7535643806683388
2019-07-04,448.08740305559996,175.539993,13284.155168685054,452.03506472252286,3625.1493712203583,190.68745443627085,1.722408799552272
2019-07-11,448.6776886296,174.940002,13220.713863260062,454.57611297805585,3675.080774658553,190.11804568394186,1.7342384636178194
2019-07-18,453.3883147314,177.25,13323.053304642368,453.2721056701945,3666.1953837928463,192.24679938994797,1.7420860301660364
2019-07-25,446.4901852686,175.100006,13158.477158517499,454.70326959621667,3570.2748337016515,190.58162209906504,1.6937714425107158
2019-08-01,426.6176469444,169.259995,13045.07151666066,429.30043316231706,3341.3987616017725,181.6822278278332,1.597694360293907
2019-08-08,423.79358862960004,166.649994,12869.187937456445,435.5383329067038,3252.1025284398274,182.90932254174905,1.6216718100756815
2019-08-15,434.95090611119997,171.619995,13080.360547219874,446.6124581047639,3376.4887129802887,182.5855645008891,1.6436581090316098
2019-08-22,431.548146639,169.210007,13050.284668902363,448.6948496294411,3292.3582821375694,181.35333295885846,1.62394738197697
2019-08-29,443.49252389820003,171.990005,13192.323486888921,458.5641487793794,3409.0314101012336,182.85627665933438,1.6636365089412546
2019-09-05,451.0503435834,176.130005,13322.490948275658,466.53404992854075,3490.7546643602705,191.25667293931446,1.7143939507509596
2019-09-12,450.7031386296,176.559998,13474.234719651722,462.9444807551578,3438.7075363183826,194.47074858179954,1.7324063225837232
2019-09-19,448.5966613704,174.429993,13461.402344902917,458.2571410021971,3334.7563701381027,194.9971083591691,1.7346316489870828
2019-09-26,436.9416352686,168.600006,13081.804032984548,450.467129000777,3347.267462481782,192.85816748756696,1.699928925461787
2019-10-03,440.1592061112,170.380005,13137.063760337744,453.5171062432077,3301.012218580751,190.00470700999696,1.7119259738476107
2019-10-10,455.3905935834,174.550003,13174.998528217448,461.8668491588607,3427.1604191437777,199.00656096191892,1.7425294610332287
2019-10-17,457.20772084259994,175.449997,13101.774729778532,456.11584633939765,3414.6224660818666,200.3566626335624,1.7406805717786948
2019-10-24,461.4553938888,178.059998,13234.50960608648,455.7592099436257,3427.601488038868,202.28482091655243,1.7403876749441602
2019-10-31,468.8280261018,179.779999,13430.363098507796,461.84981424162686,3558.8216037240836,206.36451132567868,1.793830621408239
2019-11-07,469.742346639,180.940002,13600.713186889334,450.47488939847807,3415.230473369077,206.50663002137262,1.7756760900713442
2019-11-14,467.3812761018,182.169998,13639.050532831681,451.3757739018005,3456.1220991487967,204.98971140218976,1.778077276554072
2019-11-21,474.3140916852,184.899994,13715.081413246899,450.15701700249184,3464.3982276316233,207.550684431365,1.780193940730792
2019-11-28,466.6521083148,182.509995,13552.030991566351,446.2691469114463,3349.8214946415624,204.87158182724255,1.7308668759230317
2019-12-05,470.1590291574,184.199997,13585.955642337052,453.44839860414766,3424.7376784740754,207.1441319099082,1.761595977690089
2019-12-12,479.60341778699996,186.300003,13660.062920102557,467.810763349097,3583.958260462771,211.94880582166184,1.8361718594898189
2019-12-19,484.788546639,188.25,13778.922164833066,462.3585539051498,3581.387660011905,210.60667745825097,1.8322565523931096
2019-12-26,481.2932113704,188.490005,13685.246769138243,472.94002789510205,3623.229202989484,209.48868396169397,1.8386063391156762
2020-01-02,484.209846639,189.899994,13768.97832716333,475.5401686121323,3610.14098076856,205.48729114895485,1.7998209250100112
2020-01-09,485.67976778699995,192.169998,13967.397668956133,479.1292456377739,3698.27015130047,211.7907404917919,1.8664740744757593
2020-01-16,489.62650641659997,193.940002,14115.5323349341,474.58840651414715,3642.6743896674257,212.8070699116802,1.8968181621043347
2020-01-23,485.4251386296,191.070007,14044.874384262628,461.5285348001714,3490.9564965970308,207.03380269734814,1.8282407534639264
2020-01-30,490.297782213,194.809998,14156.99631865886,436.96143361065856,3442.9003261370594,206.5038972999067,1.8118011222716002
2020-02-06,499.02458862960003,197.330002,14302.403792213567,453.83323736032366,3576.1756670872974,211.30042493987148,1.8726649534737572
2020-02-13,502.19585305559997,198.130005,14376.590958730094,461.35394546648087,3554.6019530586464,207.2224122117108,1.8492064057098658
2020-02-20,468.30718221300003,182.270004,13668.003265569536,463.2963094846203,3431.300491602528,198.59274424561747,1.737459518116565
2020-02-27,447.10360611119995,182.690002,13457.552006097983,466.9768831946841,3370.323288461416,186.84935024558382,1.7228689794765184
2020-03-05,385.6109730462,158.740005,11444.954117841175,460.2863833618241,3243.0193217720353,171.93686669546906,1.5964896822737686
2020-03-12,323.6784886296,137.990005,9400.837649881089,423.11000412217993,2865.1681673606818,148.12019796426475,1.3312237144542187
2020-03-19,362.70601778699995,142.169998,10537.946300112952,431.3023816346391,3023.9501907741565,173.0931182571278,1.4262299036264934
2020-03-26,359.6851852686,141.330002,10327.174702060423,424.00403670090026,2967.216988696843,159.97632528350732,1.4100831692687017
2020-04-02,378.0878730462,157.509995,11168.73772135888,436.53983712426987,3080.912086063521,171.380568070632,1.511882678097916
2020-04-09,373.90964168520003,159.559998,11195.123821950385,435.8894044977224,3103.4010744645248,173.12374893225402,1.553663243586159
2020-04-16,382.104053361,160.440002,11459.471211761484,440.9761573404426,3071.014019103488,169.47408130122875,1.5863498968343899
2020-04-23,401.6872416852,169.820007,12213.292555925855,437.6365480511494,3167.4411581967147,175.08167309029992,1.6293603668321488
2020-04-30,386.9651113704,164.199997,11894.568918088142,446.27285678128175,3102.3909088185987,173.73707144190206,1.613631940592585
2020-05-07,386.53687915740005,162.509995,11631.906247448547,449.3600459129467,3107.8946044852696,179.47272053503752,1.6233869143546114
2020-05-14,396.77987610179997,172.059998,12028.426157200887,447.14088259254595,3136.1260231730057,182.37817186337722,1.6645651412510933
2020-05-21,404.80065,176.720001,12248.501697734046,439.8634716141953,2994.9242457578653,189.6757256680995,1.6993348584947559
2020-05-28,426.9880230462,181.839996,12491.594683290556,453.2862258447564,3126.572376572022,200.25375327596328,1.796215059670529
2020-06-04,426.0968030556,185.580002,12592.810196318344,456.446551790097,3219.642421883708,204.78053730734965,1.8369498548632024
2020-06-11,423.63153526860003,180.740005,12374.178924324717,455.22427434432774,3146.596199242013,198.854601018886,1.7912372340578127
2020-06-18,413.38857304619995,176.960007,12266.467335973528,461.9972611777236,3185.177046083488,199.55028561795106,1.8083543696276645
2020-06-25,418.0413083148,180.979996,12443.553950310443,469.19650067410646,3139.62721106311,195.89663997567408,1.7624993843471661
2020-07-02,424.1639647314,184.300003,12534.984620395673,527.7237805735759,3358.384054336106,198.70309076161746,1.8061539626755239
2020-07-09,432.717132213,187.740005,12883.142675010047,521.1903431644874,3275.1480618637856,203.19144376434585,1.8421284608431219
2020-07-16,432.21945831479997,190.720001,12969.600642683528,516.8270840946626,3220.6975227822854,201.474465880834,1.864533067917278
2020-07-23,425.28664388880003,189.960007,13068.731207603769,510.84005239735274,3198.230625478906,198.33522869644227,1.893396328075002
2020-07-30,422.6361886296,194.360001,13234.669383588523,523.7109496123734,3226.429911661007,199.37786486194798,1.9341397019305637
2020-08-06,433.886117787,197.029999,13293.779449746657,514.6721235713788,3244.6143994024815,202.2922753606825,2.0349435847315727
2020-08-13,427.75187695380004,197.029999,13295.463386143301,528.4508327265955,3236.2458899659523,204.65355233837033,1.9748661234313263
2020-08-20,431.84908221300003,202.690002,13465.973252026886,516.2960096998553,3276.4602229359793,206.2497371126626,1.982211638249279
2020-08-27,429.71947084259995,208.679993,13392.187097221258,527.934976302824,3228.6857139385893,205.8626768365983,1.9780704288730182
2020-09-03,427.8329030556,197.770004,13140.03061981609,504.64958552355176,3144.9920844086223,203.96220896339864,1.9876412700943304
2020-09-10,431.86066778699995,198.149994,13069.533231025569,509.19212809238513,3177.9858917041392,207.8850620378562,2.0379301574512625
2020-09-17,416.12002084259996,188.520004,12685.684351366226,508.53885639049355,3051.625315458073,206.74237028945373,1.9520264591818883
2020-09-24,417.9255613704,195.710007,12929.74070580237,498.9782684629441,3015.1923257259273,205.31336567554249,1.9475504811650752
2020-10-01,422.97184388880004,200.669998,13175.882006742015,,3115.935261982366,207.41830321550268,1.9969527100853675
2020-10-08,428.955582213,204.690002,13197.616528683666,518.0076824878623,3170.461613726482,209.22400799403673,1.9915482018258965
2020-10-15,417.5783564166,201.279999,13017.00069689765,515.5643013702373,3181.6861506205296,209.3367413132456,1.9835000598814538
2020-10-22,396.02757304619996,192.229996,12500.817952641259,506.91527308638337,3175.8227213993937,207.38013162332365,1.9620826030764114
2020-10-29,420.4949916852,202.059998,12831.332274750883,508.1867246816087,3198.616215546536,209.83060248523793,1.9721722434118096
2020-11-05,449.7193416852,209.979996,13453.220766029104,518.2286070507207,3370.9543909227864,224.48069309454172,2.079719301602394
2020-11-12,452.01100641659997,210.559998,13546.015815902849,519.0194078418359,3411.7380716627836,227.8328229485463,2.129723666653318
2020-11-19,453.80496137039995,215.429993,13885.51139037946,521.3489575437543,3427.8635687236947,232.86905157325938,2.176490636417166
2020-11-26,453.3420083148,217.559998,13921.682333913519,534.8472335043139,3410.233115556775,237.33324250054017,2.2387013051435924
2020-12-03,457.0572530556,218.610001,14083.451398062087,522.8432643040833,3406.410602610312,237.48342098624485,2.305270916804898
2020-12-10,458.4229769538,220.339996,14089.466573725591,522.0708992060983,3400.941549769148,236.947323737899,2.31892455067376
2020-12-17,457.740114426,221.169998,14110.478960194441,524.4490175637961,3385.8791866046936,234.8874587721209,2.3089102785852553
2020-12-24,463.24935,222.720001,14072.14318060384,529.4314029887734,3489.218579953692,243.02893854416834,2.403991632706678
2020-12-31,470.3789386296,224.169998,14298.553452606611,550.5847737798349,3559.2920436572763,239.5910047658929,2.483252646582335
2021-01-07,473.4576261018,228.630005,14384.048836581385,557.9925969321043,3629.1222542678547,251.99431587946137,2.633910563699356
2021-01-14,475.50621137039997,231.330002,14448.37205498122,555.5799164371416,3851.077034909016,252.58470430886308,2.6056831402475003
2021-01-21,466.4090647314,224.869995,13974.777224408148,554.067817621135,3765.612101005875,253.57607604928236,2.6123844446676734
2021-01-28,471.3742852686,229.929993,14368.971736222991,545.379722513129,3766.888615047497,253.67604514154556,2.6183410460209764
2021-02-04,473.9205791574,236.119995,14803.588541285706,566.7433048930121,3860.8774491279414,261.7913911315318,2.5939956356860847
2021-02-11,481.5941469444,237.199997,14737.020597276281,,3995.347968650646,268.2492737023887,2.621729381936202
2021-02-18,478.2492435834,236.589996,14825.001940267479,552.6319975185145,3819.68608722269,262.7545881872272,2.5056488791279645
2021-02-25,478.4923230462,230.009995,14693.629877396297,554.6197881376668,3840.531046177393,261.75747427281254,2.579279482464599
2021-03-04,488.550096639,234.479996,14989.817753447438,520.6377290105032,3715.484136989795,257.1301849816205,2.474811319268629
2021-03-11,491.7908386296,239.529999,15224.890504785946,534.2533567781737,3731.755987717065,264.90318004802754,2.5495879805989463
2021-03-18,490.031603361,232.460007,14940.333534702655,522.0828616213761,3588.3192438977667,251.54206813450193,2.5067951420926247
2021-03-25,497.2190469444,237.229996,14998.398777680408,533.6887803639676,3647.469914985908,258.3897783009136,2.561233613354344
2021-04-01,502.6819761018,243.059998,15341.98592436879,539.5374881550024,3685.5727908060508,263.27785203914465,2.624808072796455
2021-04-08,505.28612610179994,246.289993,15376.151809348345,529.7829288938696,3714.6243414449027,262.30554014408267,2.6624306806880003
2021-04-15,505.367153361,248.710007,15353.375596929804,538.498620558491,3678.776012806672,252.45445045087533,2.6534621788950647
2021-04-22,509.16342304619997,250.289993,15524.767375788233,536.0394534997052,3736.5399655127317,257.28435877316144,2.661669433535054
2021-04-29,511.0499561112,248.009995,15487.633064978585,534.4563377956433,3652.5636703151176,255.14719935888755,2.633140942017883
2021-05-06,506.8601738982,241.110001,15324.903765455894,536.9201610310272,3628.5360871876646,249.25729000128848,2.6450960165305073
2021-05-13,505.0199113704,244.589996,15572.88878109625,544.3954047025078,3675.163114204245,248.3446482484361,2.654625190080163
2021-05-20,515.2976291574,249.779999,15836.353475157646,557.1720416700337,3748.7078927215625,253.63787354936647,2.650759925183638
2021-05-27,522.3809113704,251.009995,16017.369535077678,557.7581201648089,3765.6236486572197,256.3294809439556,2.697443151335449
2021-06-03,525.9688583148,252.0,16042.313716256254,556.8681001252345,3694.290992260503,255.57376299869475,2.6907083504744
2021-06-10,532.2419466389999,251.740005,16225.735846441687,545.5381855577407,3654.9876662090196,259.38343307703445,2.7429968652528856
2021-06-17,524.4179469444,252.940002,16172.321400140945,552.9638007656878,3703.8586969612325,255.69853411916603,2.740913698353657
2021-06-24,524.1170113704,255.910004,16173.28320106479,556.8370965231499,3705.2569629946584,254.96033671268404,2.75805595750909
2021-07-01,531.8600208426,258.529999,16273.536128789827,551.0256007764053,3593.779008516852,251.20051282379953,2.748568859899814
2021-07-08,533.0521416852,258.359985,16158.52565731453,547.115092974653,3571.522980781708,253.33945368654634,2.7313931043035065
2021-07-15,525.4248791574,258.470001,16128.770901154876,552.4119437501474,3499.1758911567263,243.9483947972456,2.690482447358233
2021-07-22,534.3715938888,260.679993,16225.254945979763,521.2347098026901,3274.15848107215,244.24646874180877,2.708009720652147
2021-07-29,541.9178291574,260.429993,16304.894931793082,539.1638168419967,3396.605167623117,244.26789810464578,2.744419071860665
2021-08-05,548.9779761018,263.320007,16484.78941168318,547.7539418326724,3426.6309858581885,248.57542466081406,2.6944230813382677
2021-08-12,549.0937230462,259.75,16282.75939814053,540.414485816489,3324.6873483512754,244.28410416644533,2.6428120709373077
2021-08-19,546.1076113703999,266.049988,16511.497418009425,548.9571401029151,3302.4438723440126,245.5140353781898,2.6326723884017262
2021-08-26,547.589082213,268.179993,16593.543474088143,553.1002697370451,3345.4165800304504,251.94498856296406,2.6830450193706943
2021-09-02,541.512732213,267.190002,16635.41003667757,569.8602483405766,3383.0296861587804,267.26651522296254,2.64620878138106
2021-09-09,536.9294386296,265.399994,16596.912912431155,566.9188406885214,3217.5191661918734,270.19322295058305,2.6381855580512203
2021-09-16,536.1076938888,260.809998,16362.480839858636,562.6191407783613,3113.1949618003755,262.4685693385111,2.6274016651178593
2021-09-23,526.6517208426,257.779999,16167.26802540129,548.3229852551578,3170.0002109962356,261.6263210521515,2.560271586670811
2021-09-30,522.3693269538,258.01001,16194.215699584642,553.2661523662719,3080.413530059368,243.77898350262743,2.433139416007026
2021-10-07,532.855403361,258.959991,16536.5199223893,552.2722570566957,3208.442235388022,249.19326134925635,2.4633411391604922
2021-10-14,544.0590261018,268.730011,16993.43203940863,556.1858689244949,3359.2631795110888,259.06942979287993,2.5208333826678615
2021-10-21,548.6539064166,268.649994,16806.400803825098,552.3575454539681,3294.0625600319386,257.67638291378427,2.531174048868392
2021-10-28,556.9640291574,275.940002,17055.10795333421,542.4696212875248,3216.431681639996,261.41920514570313,2.4895272683557534
2021-11-04,559.903835574,274.899994,17212.946789926824,541.5268687183698,3212.7545180262973,257.7519996813145,2.4514277323195244
2021-11-11,567.0681438888,277.329987,17366.2131522417,548.4904578285997,3296.8053706623286,262.9018609967651,2.478408605945223
2021-11-18,555.1932083148,276.790009,17282.32181591255,557.0701348359413,3172.8278714921876,259.4866018711125,2.5050716632851677
2021-11-25,544.9733466389999,264.299988,16413.088204183077,554.6182361821714,3040.8815109243637,247.38091502519816,2.425952808913642
2021-12-02,552.4964466389999,275.73999,16904.56878424461,564.027061344944,3084.3181316609184,255.57215450492274,2.5113546595871132
2021-12-09,544.857635574,273.809998,16657.38422567431,565.5868960109586,3010.270780704772,252.02204086956542,2.5009721215805643
2021-12-16,540.9108969444,265.869995,16472.116815238445,557.209253714324,2969.343005727682,252.9296322849365,2.4968644086451786
2021-12-20,,265.869995,16472.13404590964,,,,
2021-12-23,,,,,2984.9503662637453,254.88117433393725,2.520247792296538
2021-12-24,,,,,2984.9503662637453,254.88117433393725,2.520247792296538
